{"epoch": 496, "acc": 68.5199966430664, "_timestamp": 1712778223.602866, "_runtime": 6008.761039018631, "_step": 55, "_wandb": {"runtime": 6025}}