{"epoch": 697, "acc": 74.41000366210938, "density_local": -2.48999999999997, "_timestamp": 1713165941.0122907, "_runtime": 6771.293273687363, "_step": 232, "_wandb": {"runtime": 6784}}