{"epoch": 232, "acc": 61.15999984741211, "_timestamp": 1712672842.1477427, "_runtime": 1773.2166817188263, "_step": 77, "_wandb": {"runtime": 1786}}