{"epoch": 247, "acc": 65.22000122070312, "_timestamp": 1712661755.2621975, "_runtime": 3445.0498933792114, "_step": 82, "_wandb": {"runtime": 3469}}