{"epoch": 199, "acc": 72.05999755859375, "_timestamp": 1712296587.8278608, "_runtime": 2611.4455659389496, "_step": 66, "_wandb": {"runtime": 2606}}