{"epoch": 427, "acc": 54.310001373291016, "density_local": -3.279999999999975, "_timestamp": 1713251961.3551834, "_runtime": 2552.855853319168, "_step": 142}