{"epoch": 67, "acc": 60.529998779296875, "_timestamp": 1712806847.0769484, "_runtime": 567.0841813087463, "_step": 22, "_wandb": {"runtime": 579}}