{"epoch": 442, "acc": 42.02000045776367, "density_local": -5.6449999999999765, "_timestamp": 1713249327.6311214, "_runtime": 3255.499270439148, "_step": 147, "_wandb": {"runtime": 3260}}