{"epoch": 247, "acc": 69.08000183105469, "_timestamp": 1712726503.7281091, "_runtime": 3687.381416082382, "_step": 82, "_wandb": {"runtime": 3712}}