{"epoch": 7, "acc": 40.02000045776367, "_timestamp": 1712471508.4509296, "_runtime": 62.997281551361084, "_step": 2, "_wandb": {"runtime": 65}}