{"epoch": 244, "acc": 67.26000213623047, "_timestamp": 1712735983.7890508, "_runtime": 3161.534410715103, "_step": 27, "_wandb": {"runtime": 3221}}