{"epoch": 298, "acc": 84.11000061035156, "_timestamp": 1712317391.3044698, "_runtime": 2010.5651247501373, "_step": 99, "_wandb": {"runtime": 2010}}