{"epoch": 688, "acc": 83.0999984741211, "_timestamp": 1713026684.975301, "_runtime": 9026.675565004349, "_step": 229}