{"epoch": 499, "acc": 46.959999084472656, "density_local": -3.9999999999999596, "_timestamp": 1713245488.6011343, "_runtime": 2734.7285714149475, "_step": 166, "_wandb": {"runtime": 2731}}