{"epoch": 283, "acc": 48.029998779296875, "density_local": -0.4200000000000011, "_timestamp": 1713229551.8798687, "_runtime": 1830.1686866283417, "_step": 94, "_wandb": {"runtime": 1840}}