{"epoch": 610, "acc": 79.69999694824219, "density_local": -2.0549999999999793, "_timestamp": 1713168423.9901066, "_runtime": 9431.577449560165, "_step": 203, "_wandb": {"runtime": 9439}}