{"epoch": 478, "acc": 47.970001220703125, "density_local": -3.789999999999964, "_timestamp": 1713249324.5514977, "_runtime": 3410.612817764282, "_step": 159, "_wandb": {"runtime": 3419}}