{"epoch": 334, "acc": 76.37999725341797, "density_local": -0.6750000000000013, "lr": 0.004375, "_timestamp": 1713322369.9663684, "_runtime": 4910.940169334412, "_step": 111}