{"epoch": 847, "acc": 80.44000244140625, "density_local": -0.6960000000000014, "_timestamp": 1713130332.047916, "_runtime": 16477.05720090866, "_step": 282, "_wandb": {"runtime": 16492}}