{"epoch": 298, "acc": 82.37000274658203, "_timestamp": 1712309202.523352, "_runtime": 4266.038515806198, "_step": 99, "_wandb": {"runtime": 4277}}