{"epoch": 997, "acc": 68.45999908447266, "_timestamp": 1712825355.6544385, "_runtime": 13917.149342536926, "_step": 332, "_wandb": {"runtime": 13937}}