{"epoch": 748, "acc": 79.22000122070312, "density_local": -2.7449999999999646, "_timestamp": 1713113927.870002, "_runtime": 13575.583465099335, "_step": 249, "_wandb": {"runtime": 13591}}