{"epoch": 28, "acc": 30.190000534057617, "_timestamp": 1712707414.3148062, "_runtime": 399.93450832366943, "_step": 9, "_wandb": {"runtime": 409}}