{"epoch": 199, "acc": 84.75, "_timestamp": 1712341379.177363, "_runtime": 2413.9987440109253, "_step": 66, "_wandb": {"runtime": 2410}}