{"epoch": 1, "acc": 63.0, "_timestamp": 1712732757.2196522, "_runtime": 36.61039423942566, "_step": 0, "_wandb": {"runtime": 62}}