{"epoch": 748, "acc": 80.02999877929688, "density_local": -2.7449999999999646, "_timestamp": 1713114166.3913987, "_runtime": 13697.927635669708, "_step": 249, "_wandb": {"runtime": 13714}}