{"epoch": 13, "acc": 59.45000076293945, "_timestamp": 1712370542.7652428, "_runtime": 106.95277285575867, "_step": 4, "_wandb": {"runtime": 119}}