{"epoch": 235, "acc": 26.329999923706055, "density_local": -0.1800000000000009, "lr": 0.0175, "_timestamp": 1713321342.6594272, "_runtime": 3153.4822912216187, "_step": 78, "_wandb": {"runtime": 3167}}