{"epoch": 697, "acc": 53.90999984741211, "density_local": 1.0, "_timestamp": 1713202236.857515, "_runtime": 2893.8254160881042, "_step": 232, "_wandb": {"runtime": 2897}}