{"epoch": 247, "acc": 65.05999755859375, "_timestamp": 1712714326.35645, "_runtime": 3526.9513580799103, "_step": 82, "_wandb": {"runtime": 3551}}