{"epoch": 20, "acc": 69.4000015258789, "_timestamp": 1712333939.8374295, "_runtime": 249.39367961883545, "_step": 6, "_wandb": {"runtime": 262}}