{"epoch": 247, "acc": 69.06999969482422, "_timestamp": 1712781671.0912645, "_runtime": 2192.065610408783, "_step": 82, "_wandb": {"runtime": 2201}}