{"epoch": 247, "acc": 64.18000030517578, "_timestamp": 1712676396.9711187, "_runtime": 3495.5911808013916, "_step": 82, "_wandb": {"runtime": 3516}}