{"epoch": 298, "acc": 82.31999969482422, "_timestamp": 1712337648.1214383, "_runtime": 3667.3020231723785, "_step": 99, "_wandb": {"runtime": 3676}}