{"epoch": 1, "acc": 9.670000076293945, "density_local": 0.99, "_timestamp": 1713198488.4433699, "_runtime": 16.511119842529297, "_step": 0, "_wandb": {"runtime": 14}}