{"epoch": 247, "acc": 70.5199966430664, "_timestamp": 1712721456.65563, "_runtime": 3495.335326194763, "_step": 82, "_wandb": {"runtime": 3519}}