{"epoch": 247, "acc": 71.08000183105469, "_timestamp": 1712810949.5994933, "_runtime": 3560.3233892917633, "_step": 82, "_wandb": {"runtime": 3584}}