{"epoch": 7, "acc": 39.470001220703125, "_timestamp": 1712471604.7587109, "_runtime": 65.23874688148499, "_step": 2, "_wandb": {"runtime": 75}}