{"epoch": 22, "acc": 47.529998779296875, "_timestamp": 1712779140.794443, "_runtime": 238.82671689987183, "_step": 7, "_wandb": {"runtime": 255}}