{"epoch": 748, "acc": 65.8499984741211, "density_local": -1.9960000000000024, "_timestamp": 1713149791.968028, "_runtime": 13024.100365161896, "_step": 249, "_wandb": {"runtime": 13037}}