{"epoch": 19, "acc": 60.18000030517578, "_timestamp": 1713026683.3168254, "_runtime": 224.85430240631104, "_step": 6}