{"epoch": 121, "acc": 47.29999923706055, "density_local": 0.38999999999999946, "_timestamp": 1713230428.6231108, "_runtime": 530.9479038715363, "_step": 40, "_wandb": {"runtime": 539}}