{"epoch": 748, "acc": 79.98999786376953, "density_local": -1.2469999999999928, "_timestamp": 1713150074.6194324, "_runtime": 12990.124526500702, "_step": 249, "_wandb": {"runtime": 13003}}