{"epoch": 31, "acc": 48.119998931884766, "density_local": 0.8399999999999999, "_timestamp": 1713159044.438391, "_runtime": 293.3579339981079, "_step": 10, "_wandb": {"runtime": 312}}