{"epoch": 289, "acc": 45.90999984741211, "_timestamp": 1712471190.1093333, "_runtime": 3757.287350177765, "_step": 96, "_wandb": {"runtime": 3758}}