{"epoch": 499, "acc": 50.08000183105469, "_timestamp": 1712377861.0972066, "_runtime": 7234.487352609634, "_step": 166, "_wandb": {"runtime": 7231}}