{"epoch": 11, "acc": 56.34000015258789, "_timestamp": 1712327383.726912, "_runtime": 81.0505919456482, "_step": 3, "_wandb": {"runtime": 87}}