{"epoch": 247, "acc": 82.20999908447266, "_timestamp": 1712496366.0436869, "_runtime": 1652.7437348365784, "_step": 82, "_wandb": {"runtime": 1663}}