{"epoch": 199, "acc": 61.81999969482422, "density_local": -8.205242041370298e-16, "_timestamp": 1713259090.5537179, "_runtime": 2868.4175639152527, "_step": 66}