{"epoch": 625, "acc": 80.29000091552734, "density_local": -1.504000000000002, "_timestamp": 1713168404.4283228, "_runtime": 9456.125341892242, "_step": 208, "_wandb": {"runtime": 9487}}