{"epoch": 298, "acc": 65.69999694824219, "_timestamp": 1712650527.068494, "_runtime": 3782.546051979065, "_step": 99, "_wandb": {"runtime": 3793}}