{"epoch": 361, "acc": 50.91999816894531, "density_local": 1.0, "_timestamp": 1713229557.6784854, "_runtime": 2311.8189404010773, "_step": 120, "_wandb": {"runtime": 2314}}