{"epoch": 298, "acc": 84.38999938964844, "_timestamp": 1712326293.722264, "_runtime": 2718.077085018158, "_step": 99, "_wandb": {"runtime": 2721}}