{"epoch": 298, "acc": 82.61000061035156, "_timestamp": 1712322846.5329397, "_runtime": 1849.8248345851898, "_step": 99, "_wandb": {"runtime": 1850}}