{"epoch": 299, "acc": 83.95999908447266, "_timestamp": 1712331382.8905385, "_runtime": 3879.0441274642944, "_step": 99, "_wandb": {"runtime": 3872}}