{"epoch": 4, "acc": 26.31999969482422, "_timestamp": 1712779369.936791, "_runtime": 82.57513785362244, "_step": 1, "_wandb": {"runtime": 84}}