{"epoch": 28, "acc": 45.65999984741211, "_timestamp": 1712778875.2842786, "_runtime": 192.56671667099, "_step": 3, "_wandb": {"runtime": 193}}