{"epoch": 247, "acc": 70.02999877929688, "_timestamp": 1712717858.6498826, "_runtime": 3415.8814425468445, "_step": 82, "_wandb": {"runtime": 3439}}