{"epoch": 748, "acc": 73.68000030517578, "_timestamp": 1713024457.8239071, "_runtime": 8281.105802059174, "_step": 249, "_wandb": {"runtime": 8290}}