{"epoch": 247, "acc": 68.19999694824219, "_timestamp": 1712670730.0048025, "_runtime": 3054.103994369507, "_step": 82, "_wandb": {"runtime": 3061}}