{"epoch": 748, "acc": 54.880001068115234, "density_local": -2.7449999999999646, "_timestamp": 1713190079.2002804, "_runtime": 16133.291331529617, "_step": 249, "_wandb": {"runtime": 16149}}