{"epoch": 697, "acc": 52.18000030517578, "density_local": -2.48999999999997, "_timestamp": 1713201731.5909848, "_runtime": 3116.351292848587, "_step": 232, "_wandb": {"runtime": 3117}}