{"epoch": 499, "acc": 47.630001068115234, "density_local": -1.499999999999991, "_timestamp": 1713245390.020926, "_runtime": 2715.437287092209, "_step": 166, "_wandb": {"runtime": 2712}}