{"epoch": 499, "acc": 82.56999969482422, "_timestamp": 1712503899.594833, "_runtime": 6729.131068944931, "_step": 166, "_wandb": {"runtime": 6723}}