{"epoch": 61, "acc": 53.880001068115234, "density_local": 0.6899999999999997, "lr": 0.07, "_timestamp": 1713322384.215706, "_runtime": 798.3903601169586, "_step": 20}