{"epoch": 298, "acc": 81.62999725341797, "_timestamp": 1712303376.5003583, "_runtime": 2338.9042172431946, "_step": 99, "_wandb": {"runtime": 2339}}