{"epoch": 7, "acc": 37.16999816894531, "density_local": 0.96, "_timestamp": 1713134910.331042, "_runtime": 96.0910210609436, "_step": 2, "_wandb": {"runtime": 98}}