{"epoch": 364, "acc": 50.220001220703125, "density_local": -0.0950000000000009, "_timestamp": 1713251969.536155, "_runtime": 2326.6469440460205, "_step": 121}