{"acc": [12.6899995803833, 10.3100004196167, 18.450000762939453, 29.770000457763672, 40.630001068115234], "_timestamp": 1712293070.526337, "_runtime": 126.09240794181824, "_step": 4, "_wandb": {"runtime": 143}}