{"epoch": 499, "acc": 84.75, "_timestamp": 1712362134.2942393, "_runtime": 3328.978227376938, "_step": 166, "_wandb": {"runtime": 3324}}