{"epoch": 247, "acc": 65.55999755859375, "_timestamp": 1712656965.7885208, "_runtime": 3365.912172794342, "_step": 82, "_wandb": {"runtime": 3388}}