{"epoch": 997, "acc": 61.7599983215332, "_timestamp": 1712791878.7992215, "_runtime": 7328.010654449463, "_step": 332, "_wandb": {"runtime": 7338}}