{"epoch": 497, "acc": 66.5, "_timestamp": 1712768938.2788253, "_runtime": 5836.4384133815765, "_step": 165, "_wandb": {"runtime": 5839}}