{"epoch": 160, "acc": 54.599998474121094, "_timestamp": 1712709598.5727284, "_runtime": 2149.3192524909973, "_step": 53, "_wandb": {"runtime": 2160}}