{"epoch": 748, "acc": 71.79000091552734, "density_local": -2.7449999999999646, "_timestamp": 1713149176.4381359, "_runtime": 10135.507690906525, "_step": 249, "_wandb": {"runtime": 10145}}