{"epoch": 346, "acc": 71.75, "density_local": -0.7350000000000013, "Total_density": 1.0, "_timestamp": 1713317605.28218, "_runtime": 3979.1358330249786, "_step": 115, "_wandb": {"runtime": 4001}}