{"epoch": 499, "acc": 79.94000244140625, "_timestamp": 1712354533.277313, "_runtime": 7063.74320602417, "_step": 166, "_wandb": {"runtime": 7061}}