{"epoch": 499, "acc": 79.56999969482422, "_timestamp": 1712385189.8829165, "_runtime": 4849.235399484634, "_step": 166, "_wandb": {"runtime": 4844}}