{"epoch": 190, "acc": 66.51000213623047, "_timestamp": 1712783433.7589505, "_runtime": 1356.2302794456482, "_step": 63, "_wandb": {"runtime": 1355}}