{"epoch": 748, "acc": 65.05000305175781, "density_local": 1, "_timestamp": 1713184062.417571, "_runtime": 14924.086174964905, "_step": 249, "_wandb": {"runtime": 14937}}