{"epoch": 247, "acc": 70.3499984741211, "_timestamp": 1712732413.0859506, "_runtime": 3182.4675436019897, "_step": 82, "_wandb": {"runtime": 3194}}