{"epoch": 148, "acc": 37.5, "_timestamp": 1712710765.5378408, "_runtime": 1086.223641872406, "_step": 49, "_wandb": {"runtime": 1100}}