{"epoch": 697, "acc": 74.77999877929688, "density_local": -2.48999999999997, "_timestamp": 1713156425.1073906, "_runtime": 8507.240367650986, "_step": 232, "_wandb": {"runtime": 8520}}