{"epoch": 499, "acc": 48.459999084472656, "density_local": -3.9999999999999596, "_timestamp": 1713234417.358475, "_runtime": 3848.9682490825653, "_step": 166, "_wandb": {"runtime": 3843}}