{"epoch": 499, "acc": 54.7599983215332, "_timestamp": 1712475220.8357217, "_runtime": 3569.0436928272247, "_step": 166, "_wandb": {"runtime": 3562}}