{"epoch": 163, "acc": 74.4800033569336, "density_local": 0.17999999999999927, "_timestamp": 1713100094.2424188, "_runtime": 2786.237637758255, "_step": 54}