{"epoch": 748, "acc": 64.5999984741211, "density_local": -2.7449999999999646, "_timestamp": 1713110826.7847524, "_runtime": 13518.77997136116, "_step": 249, "_wandb": {"runtime": 13525}}