{"epoch": 49, "acc": 48.58000183105469, "density_local": 1, "_timestamp": 1713168938.22536, "_runtime": 1013.9233958721161, "_step": 16, "_wandb": {"runtime": 1035}}