{"epoch": 379, "acc": 44.06999969482422, "density_local": -0.9000000000000015, "_timestamp": 1713197995.4975042, "_runtime": 1657.429416179657, "_step": 126, "_wandb": {"runtime": 1657}}