{"epoch": 19, "acc": 54.869998931884766, "_timestamp": 1712496975.7743309, "_runtime": 203.29200196266174, "_step": 6, "_wandb": {"runtime": 232}}