{"epoch": 79, "acc": 55.88999938964844, "density_local": 0.5999999999999996, "_timestamp": 1713255707.2257261, "_runtime": 987.8101830482483, "_step": 26, "_wandb": {"runtime": 999}}