{"acc": 11.800000190734863, "_timestamp": 1712293729.6649418, "_runtime": 23.68265986442566, "_step": 0, "_wandb": {"runtime": 41}}