{"epoch": 241, "acc": 73.0, "density_local": -0.21000000000000094, "_timestamp": 1713139355.8061717, "_runtime": 4400.654977560043, "_step": 80}