{"epoch": 799, "acc": 79.68000030517578, "density_local": -2.999999999999959, "_timestamp": 1713146772.8242366, "_runtime": 11817.673042535782, "_step": 266, "_wandb": {"runtime": 11816}}