{"epoch": 748, "acc": 54.70000076293945, "density_local": -1.9960000000000024, "_timestamp": 1713123391.3552241, "_runtime": 13169.476858139038, "_step": 249, "_wandb": {"runtime": 13182}}