{"epoch": 748, "acc": 80.33000183105469, "density_local": -1.2469999999999928, "_timestamp": 1713123526.8245656, "_runtime": 13265.336614608765, "_step": 249, "_wandb": {"runtime": 13276}}