{"epoch": 40, "acc": 69.22000122070312, "_timestamp": 1712784053.177917, "_runtime": 292.82255005836487, "_step": 13, "_wandb": {"runtime": 302}}