{"epoch": 298, "acc": 72.30999755859375, "_timestamp": 1712298936.7882483, "_runtime": 2018.9522833824158, "_step": 99, "_wandb": {"runtime": 2019}}