{"epoch": 106, "acc": 46.29999923706055, "density_local": 0.4649999999999995, "_timestamp": 1713172620.1903715, "_runtime": 2379.0198945999146, "_step": 35, "_wandb": {"runtime": 2440}}